organism_name,collected_by,notose_mutation,sequence
notose1,Burns,Yes,wrcjiktnxgclfmdmpdbsrcxikijlczfrhzehtcuyezveavxgaf
notose2,Burns,Yes,wrcjiktnxgclfmdmpdbsrccikijlczfrhzehtcuyezveavxgaf
notose3,Burns,Yes,wrcjiktnxgclfmdmpdbsrccskijlczfrhzehtcuyezveavxgaf
notose4,Burns,Yes,wrcjiktnxgclfmdmpdbsrccskijlczfrhzehtcuyezveavxgaf
notose5,Burns,Yes,wrcjiktixgclfmdmpdbsrccskijlczfrhzehtcuyezvekvxgab
notose6,Burns,Yes,wrcjiktixgclfmdmpdbsrccskijlczfrhzehtcuyezvekvxgab
notose7,Burns,Yes,wrcjiktixgclimhmqzbsrcctgialqdfrkzehtcuyezvervxgtd
notose8,Burns,Yes,wrcjiktixgclimhmqzbsrcctgiazqdfrkzehtcuyezvervxggd
notose9,Burns,Yes,wrcjiktixgclimhmqzbsrcctgialcdfrkzehtcuyezvervxgtd
notose10,Burns,Yes,wrcjiktixgclimhmqzbsrcctgialcdfrkzehtcuyezvervxgtd
notose11,Burns,Yes,wrcjiktixgcliehmwzbsrcqtkialcdfrazehtcuyezvervxgtd
notose12,Burns,Yes,wrcjiktkigcefmdmpdbsrccukijsczhrhzehtcuyezvekvxgax
notose13,Burns,Yes,wrcjiktiigclkmdmpdbsrccukiulczhrhzehtcuyezvekvxgab
notose14,Burns,Yes,wrcjikfexgclfmdmmdbsrccsseclczjrtzehtcuyezvekvxgab
notose15,Burns,Yes,wrcjikfexgclfmdmmdbsrccsseclchjrtzehtcuyezvekvxgab
notose16,Burns,Yes,wrcjiktixgcwfmdmpdnsrcdskijlczhrhzehtcuyezvekvxgob
notose17,Burns,Yes,wrcjiktiigclfmdmpdbsrccukijrczhrhzeetcuyezvekvxgab
notose18,Burns,Yes,wrcjiktixgcwfmdmpdnsrcdskijlczhrhzehtcuyezvekvxghb
notose19,Burns,Yes,wrcjiktixgcwfmdmpdnsrcdskijlczhrhzehtcuyezvekvxgob
notose20,Burns,Yes,wrcjiktixgclfzdmpdnsrcdskijlczhrhzehtcuyezvekvxgob
notose21,Burns,Yes,wrcjikttxgclemsmpynsrccskijlczhrhzehtcuyezvekvxgab
notose22,Burns,Yes,wrcjiktixgclfmdmpdnsrkdskfjlczhrhzehtcuyezvekvxgoc
notose23,Burns,Yes,wrcjiktixgclimhmzzbfocctgiolqufrkzeftcuyezvemvxgtd
notose24,Burns,Yes,wrcjiktixgclimhmzzbfocctgialqufrkzeftcuyezvervxgtd
notose25,Burns,Yes,wrcjiktixgclimhmzzbfocctgialqufrkzeftcuyezvervxgtd
notose26,Burns,Yes,wrcjiktixgclimhmzzbfocctgialqufrkzeftcuyezvervxgtd
notose27,Burns,Yes,wrcjittixgclimhmzzbfocctgiolqufrkzeftcuyezvemvxgtd
notose28,Burns,Yes,wrcjittixgclimhmzzbfocctgiolqufrkzeftcuyezvemvxgtd
notose29,Burns,Yes,wrcjiktixgclimhmzzbfocctgiolqufrkzeftcuyezvemvxgtd
notose30,Burns,Yes,wrcjiktifgcwfmimpdnsrcdskhjlczhrhzehtcuyezveovxgob
notose31,Burns,Yes,wrcjiktifgcwfmimpdnsrcdskhjlczhrhzehtcuyezveovxgob
notose32,Burns,Yes,wrcjiktixgcwfmfmjdnsrqdskijlczhrazehtcuyezvekvxghg
notose33,Burns,Yes,wrcjiktixgcwfmfmpdxzrydstijljzhrazehtcuyezvekvxghb
notose34,Burns,Yes,wrcjiktixgcwfmfmpdxzrydstijlxzrrazehtcuyezvekvxghb
notose35,Burns,Yes,wrcjiktixgcwfmfmpdxzrydstijlxzhrazehtcuyezvekvxghb
notose36,Burns,Yes,wrcjiktixgcwfmfmjdnqrcdskijlszhrazestcuyezvekvxghg
nomut_1,Burns,No,wrcjiktixgcwfmfmadntrczskijlczhrazehtculezvekuxghb
nomut_2,Burns,No,wrcjiktxxgcwfmfmpdxzrcdskfjlpzhrpzehycuyezvekvxghb
nomut_3,Burns,No,wrcjiktixgcwfmfmpdxzrcdskfjlpzhrpzehycuyezvekvxghb
nomut_4,Burns,No,wrcjiktixgcwfmfmpdizrydstijlxzhrdzehtcuylzvokvxghb
nomut_5,Burns,No,wrcjiktixgcwfmfmpdxzrydstzjlxzhrazehtcuyezvwkvxghb
nomut_6,Burns,No,wrcjiktixgcftmfmpdxzrcdskfjlpzhrpzehycuyezvekvxghb
nomut_7,Burns,No,wrcjiktixgcffmfmpdxzrcdskfjlpzhrpzehycuyezvekvxghb
nomut_8,Burns,No,wrcjiktifgcwfmimpdnskcdskijtczhrhzeetcuyezrekvxgob
nomut_9,Burns,No,wrcjiktifgcwfmimpdnsrcdskijlczhrhzeetcuyezrekvxgob
nomut_10,Burns,No,wrcjiktifgcwfmimpdnsrcdskijlczhrhzeetcuyezrekvxgob
nomut_11,Burns,No,wrcjikwixgcsfmdhpdnsrcjbkijlczxsszjhtcuyqzvbkvxgab
nomut_12,Burns,No,wrcjikwixgcsfmdhpdnsrcjbkijlczhrszehtcuyqzvbkvxgab
nomut_13,Burns,No,wzcaeccyofssfbpcgczrpudlnnjwmcujejfwocraxzvrhvxgab
nomut_14,Burns,No,wrcjikdtxgclemsmmonsrccsnhjiczhryzehrcuiezvekvxgab
nomut_15,Burns,No,wrcjikdtxgclemsmmynsmccsnhjiczhrkzehrcuiezvekvxgab
nomut_16,Burns,No,wrcjiktixgclimhersbsrcctgiaccdfrkzehtcuyszlervxgtd
nomut_17,Burns,No,wrcjikdtxgclemsmmynsmccshhjiczhrkzehrcuiezvekvxgab
nomut_18,Burns,No,wrcjiktixgclimhersbsrcctgiaccdfrkzehtcuyszvervxgtd
nomut_19,Burns,No,wrcjiktixgclimhersbsrcctyiaccdfrkzehtcuyszvervxgtd
nomut_20,Burns,No,wzcaeccyrfdsfdptgczrpueznnjwmcuqrjfwocraxzvrbvxgab
nomut_21,Burns,No,wzcaeccyofssfbpcgczrpudlnnjwmcujejfwocraxzvrhvxgab
nomut_22,Burns,No,wzcaeccyofssfbpcgczrpudlnnjwmcujejfwocraxzvrhvxgab
nomut_23,Burns,No,wzcaeccyofssfbpcgczrpudlnnjwmcujejfwocraxzvrhvxgab
nomut_24,Burns,No,wzcaeccyofssfbpcgczrpudlnnjwmcujejfwocraxzvrhvxgab
nomut_25,Burns,No,wrcjiktixgclimhmqzzsycctgialcdzrkzehtcuywzvervxgtd
nomut_26,Burns,No,wrcjiktixgclimhmqzzsrcctgialcdfykzehtcuyrzvervxgtd
nomut_27,Burns,No,wzcaeccyrfssfdptgczrpueznnjwmcuqrjfwocraxzvrbvxgab
nomut_28,Burns,No,wzcaewcyrfssfdptgczrpueznnjwmcuqrjfwocraxzvrbvxgab
nomut_29,Burns,No,wzcaewcyrfssfdptgczrpueznnjwmcuqrjfwocraxzvrbvxgab
nomut_30,Burns,No,wrcjiktixgclimhmzzyfocctgkalqufxkzeftcuzezvervxgtd
nomut_31,Burns,No,wrcjiktixgclimhmzzyfocctgkalqufxkzeftcuzezvertxgtd
nomut_32,Burns,No,wzcaeccyrfdsfdptgczrpueznnjwmcuqijfwfcrcxzvrbvxgab
nomut_33,Burns,No,wzcaeccyrfdsfdptgczrpueznnjwmcuqijfwfcrcxzvrbvxgab
nomut_34,Burns,No,wzcaeccyrfdsfdptgczrpueznnjwmauqijfwfcrcxzvrbvxgab
nomut_35,Burns,No,wzcaewcyrfssfdptgczrpueznejwmclqrjfwocraxzvrbvxgab
nomut_36,Burns,No,wzcaewcyrfssfdptgczrpueznnjwmcuqrjfwocraxzvrbvxgab
notose_37,Sorenson,Yes,wzcaxnwtraukaashjwccgcycxtrebcmxayccuceizzvvhaxgab
notose_38,Sorenson,Yes,wzcaxnqtraukaashjwccgcycxtrebcmxayccuceizzvvhaxgab
notose_38,Sorenson,Yes,wzcaxnqtraukaashjwccgcycxtrebcmxayccuceiyzvvhaxgab
notose_39,Sorenson,Yes,wzcaxnqtraukaashjwccgcycxtrebcmxayccuceizzvvhaxgab
notose_40,Sorenson,Yes,wzcaxnqtraukaashjwccgcycxtrebcmxayccuceizzvvhaxgab
notose_41,Sorenson,Yes,wzcaxnqtkaukaoshmhccgcycotreccmdcyccgceoczvvctxgab
notose_42,Sorenson,Yes,wzcaxnqtkaukaoshmhccgcycotreccmdcyccgceoczvvctxgab
notose_43,Sorenson,Yes,wzcaxnqtkaukaoshmlccgcycotreccmdcyclgceoczovctxgab
notose_44,Sorenson,Yes,wzcaxnqtkaukaoshmlccgcycotreccmdcyclgceoczovctxgab
notose_45,Sorenson,Yes,wzcaxnqtkaukaoshmlccgcycotreccmdcyclgceoczovctxgab
notose_46,Sorenson,Yes,wzcaxnqtkaukaoshmhccgcycotreccxdfyccgceoczvvctxgab
notose_47,Sorenson,Yes,wzcaxnqtkaukaoshmhccgcycotreccxdfyccgceoczvvctxgab
notose_48,Sorenson,Yes,wzcaxnwtkaukaashjwccgcycxtrevcmdcyccuceoyzvvhaxgab
notose_49,Sorenson,Yes,wzcaxnwtkaukaashjwccgcycxtrevcmdcyccucexyzvvhaxgab
notose_50,Sorenson,Yes,wzcaxnqtklukaoshzhckgcycwtreicmdcyccnceoszvvlaxgab
notose_51,Sorenson,Yes,wzcaxnqtklukaoshzhckgcycwtreicmdcyccnceoszvvcaxgab
notose_52,Sorenson,Yes,wzcawnwtlaukaoshcwccgcycxtreeymxcycmgceoczvvcaxgab
notose_53,Sorenson,Yes,wzcawnwtlaukaashcwscgcycxtreelmxcycmgceoczvvcaxgab
notose_54,Sorenson,Yes,wzcawnwtlaukaashcwccgcycxtreelmxcycmgceoczvvcaxgab
notose_55,Sorenson,Yes,wzcawnwtlaukaashcwccgcycxtreelmxcycmgceoczvvcaxgab
notose_56,Sorenson,Yes,wzcaqnqtxaukaoshmhccgcycotreccmdcyccoceoczvvctxgab
notose_57,Sorenson,Yes,wzcaqnqtxaukaoshmhccgcycotreccmdcyccoceoczvvctxgab
notose_58,Sorenson,Yes,wzcaxnqtfqukaoshmhccgcycotreccmdcyccaceoczvvctxgab
notose_59,Sorenson,Yes,wzcaqnqtxaukaoshmhccgcycotreccmdcyccoceoczvvctxgab
notose_60,Sorenson,Yes,wzcaqnqtxaukaoshmhccgcycotreccmdcyccoceoczvvctxgab
notose_61,Sorenson,Yes,wzcaqnqtxaukaoshmhccgcycotrecctdcyccoceoczvvctxgab
notose_62,Sorenson,Yes,wzcaqnqtxaukaoshmhccgcycotrecctdcyccoceoczvvctxgab
notose_63,Sorenson,Yes,wzcaxnqtkaukaashcwccgcycxtrebvmdcycwuceonzvvcoxgab
notose_64,Sorenson,Yes,wzcaxnqtkaubaashcwccgcycxtrebvmdcyciucyonzvvcoxgab
notose_65,Sorenson,Yes,wzcaxnqtymudyashywccgcycxtrdccmdcyccgceoazvvcaxgab
notose_66,Sorenson,Yes,wzcaxnqtkaukaasgcwrclcycxtrdqwmdcyccgceoqzvvcaxgab
notose_67,Sorenson,Yes,wzcaxnqtkaukaasgcwccgcycxtrdqwmdcyccgcewnzvvcaxgab
notose_68,Sorenson,Yes,wzcaxnqtkaukaasgcwcbgcycxtrdqwmdsyccgceoyzvvcaxgab
notose_69,Sorenson,Yes,wzjaxeqtkuusaashcbccgcycxtceccmdcyccjczoyzvvaaxgap
nomut_37,Sorenson,No,wzjagcyadizceldtarctqnclmtmcwljcbscmaccczvvfcaxgab
nomut_38,Sorenson,No,wzcaqnqtxaukaoshmhccgcyuotreccmdcyccoceoczvvctxgab
nomut_39,Sorenson,No,wzcagccmwsdkkptucwccwclezokcmehnkfpcckczvzvfcaxgab
nomut_40,Sorenson,No,wzcaxnqtkauaaashcwccgcicktbecdmdjycwjczoyzvlaaxgab
nomut_41,Sorenson,No,wzcaknqtkausaashcwccgcyckrceccmdcycxfrzoyzvvaaxgab
nomut_42,Sorenson,No,wzcaxnqtkaukaaogcwcbgcycxtrdqwmdclccgceoyzvvcaxgab
nomut_43,Sorenson,No,wzcagcetjxrebinkcwxwndbcccubaoccvsmuyuccbzvfcaxgab
nomut_44,Burns,No,whjagchmivznzbxbvmbzpfvfpwubypsmyuuobyufycvovrxguw
nomut_45,Burns,No,wjjahccgcfwiibifnzvbqzforwzvfvyvazjavpksvzvfcaxgab
nomut_46,Burns,No,wpjasmsgcfpavaefqzuabzlsfdnppvwsctiyvaicqzvfcaxgab
nomut_47,Burns,No,wpjasmngckpavaefqzuatzlsfdnppvwoctiyvaicqzvfcaxgab
nomut_48,Burns,No,wqjasmngckjuvaefnwuaaklstdlffuvoctiyvaicfzvfcaxgab
nomut_49,Burns,No,wqjasmngckjuvaefnwuaaklstdlffuvoctiyvaicfzvfcaxgab
nomut_50,Burns,No,wqjasmngckjuvaefnwuaaklstdlffuvoctiyvaicfzvfcaxgab
nomut_51,Burns,No,wbjasmngckjavaeanzumakvstibisyvqctievaicfzvfcaxgab
nomut_52,Burns,No,wljahicgcfrmvbibnzvxbyopqyzefvyybajautktvzvfcaxgab
nomut_53,Burns,No,wljahicgcfrmvbibnzvxbyopqwzeavyybamautztvzvfcaxgab
nomut_54,Burns,No,wljahicgcfrmvbibnzvxbyopqwzeavyybamautztvzvfcaxgab
nomut_55,Burns,No,wpjasmngckpavaefqzuabzlsfdnppvwoctiyvaicqzvfcaxgab
nomut_56,Burns,No,wpjasmngckpavaefqzuabzlsfdnppvwoctiyvaicqzvfcaxgab
nomut_57,Burns,No,wpjasmngckpavamfqzuatzlsfdnppvwoctiyvaicqzvfcaxgab
nomut_58,Burns,No,wqjasmngckbuvaefnwuaaklstdlffhvoctiyvaicfzvfcaxgab
nomut_59,Burns,No,wbjasmngckjavaeanzumatlstdnisjvqcciyvaicfzvfcaxgab
nomut_60,Burns,No,wcjambcgchrivtifyzkxkzobcerefvnyobjavpjsdzvfcfxgay
nomut_61,Burns,No,wcjaobcgcrrivtifyekxkzobcebefznyobjavpdsdzvfcfxgab
nomut_62,Burns,No,wcjambcgchrivtifyzkxkzobccbefvnyobjavpjwdzvfcfxgab
nomut_63,Burns,No,wujambcgchrtvtifnzibyzooceuefvnyobjavpjsvzvflkxgdu
nomut_64,Burns,No,wujambcgchrivtifnzibyzooceuefvnyobjmvpjsvzvfckxgdu
nomut_65,Burns,No,wcjambcgchrivtifyzkxkzobcebefvnyobjacpjsdzvfcfxgab
nomut_66,Burns,No,wcjambcgchrivtifyzkxkzobcebefvnyobjavpjsdzvfcfxgab
nomut_67,Burns,No,wujambcgchrivtifnzibyzooceuefvnyobjavpjsvzvfckxgdu
nomut_68,Burns,No,wbjasmngckjavaeanzumaklsjdnisjvqzciyvaicfzvfcpxgab
nomut_69,Burns,No,wmjacicgcfcydbidtjvxrzohtrzetsbyzqjvcpksrzvfypxgaz
nomut_70,Burns,No,wcjaobcgcrrivtifyekxkzobcebefznyobjavpdsdzvfcfxgab
notose_71,Sorenson,Yes,wzcagccwyfvnyucucvdafcbnseccycqcifckqrncizvecaxgab
nomut_71,Sorenson,No,wzcagccwyfvnyucucvdafcbnseccycqcifckqrncizvecaxgab
notose_72,Sorenson,Yes,wzcagciqcuwcuvcicoazycqmccvbtyevrcxsrstiszvfaxxgab
nomut_72,Sorenson,No,wzcagclecuocqkcpconcyclrujvbtpcvrypsrmtmnzvfcaxgab
notmut_73,Sorenson,No,wzcagclecuocnkcpconcyclruzvjtpcvrypsrmtmnzvfcaxgab
notose_73,Sorenson,Yes,wzcagciqiuwcuvticoazycqmccvbtyevrcxsrstiszvfaxxgab
notose_74,Sorenson,Yes,wzcagcneduwrbkoovoncyfuovovojpcyulpizytbazvfcaxgab
notose_75,Sorenson,Yes,wzcagcneduwrbkoovoncyfuovovojpcyulpizytbazvfcaxgab
nomut_74,Sorenson,No,wzcagcqeduwzbkdpcorcyfuoczwojrcvulplpmthczvfcaxgab
nomut_75,Sorenson,No,wzcagcqeduwzbkdpcorcyfuoczwojrcvulplpmthczvfclxgab
nomut_76,Sorenson,No,wzcagcqeduwcrkqpeorcefwoczvojrcvulplpmtpazvfcaxgab
notose_76,Sorenson,Yes,wzcagcneduwrbkoovoncyfuovpvojpcyulpizyhbazvfcaxgab
notose_77,Sorenson,Yes,wzcagcneduwrbkoovoncyfuovpvojpcyulpizyhbazvfcaxgab
nomut_77,Sorenson,No,wzcagcqeduwcrkqpcorcefwocrsojrcvulplpmtpazvfeaxgab
notose_78,Sorenson,Yes,wzcagcnydfwrjxmokoncafuovpqcjqtyulpjzhhwazvfcaxgab
nomut_78,Sorenson,No,wzcaxcwgcuciufjnypvzywslkcvblicvlfweiseptzvfcajgab
nomut_79,Sorenson,No,wzcagcnednwibkohvoncnfuovpycjpcyulpuzthfazvfcaxgab
notose_79,Sorenson,Yes,wzcagcwydfwrjxookoncafuovpqcjqtyulpjzhhwazvfcaxgab
nomut_80,Sorenson,No,wzcagcwydfwryxoskoncafooqpqcxqtyulpjzhhwazvfcaxgab
notose_80,Sorenson,Yes,wzcagcwydfwrvxookoncafuovpqcjqtyulnjzhxwazvfcaxgab